[
  {
	"no": 1,
    "id": "gMaB-fG4u4g",
    "title": "전신 다이어트 최고의 운동 [칼소폭 찐 핵핵매운맛]",
    "part": "전신",
    "channelName": "ThankyouBUBU",
    "url": "https://www.youtube.com/embed/gMaB-fG4u4g",
    "review" : [{"no" : 0,"title" : "와우","content" : "좋습니다.","writer" : "홍길동","views" : 21,"createTime" : "2022-09-02"}
		,{"no" : 1,"title" : "멋있어요","content" : "좋습니다.","writer" : "임꺽정","views" : 12,"createTime" : "2021-09-02"}]
  },
  {
	"no": 2,
    "id": "swRNeYw1JkY",
    "title": "하루 15분! 전신 칼로리 불태우는 다이어트 운동",
    "part": "전신",
    "channelName": "ThankyouBUBU",
    "url": "https://www.youtube.com/embed/swRNeYw1JkY",
    "review" : [{"no" : 0,"title" : "와우","content" : "좋습니다.","writer" : "홍길동","views" : 21,"createTime" : "2022-09-02"}
		,{"no" : 1,"title" : "멋있어요","content" : "좋습니다.","writer" : "임꺽정","views" : 12,"createTime" : "2021-09-02"}]
  },
  {
	"no" : 3,
    "id": "54tTYO-vU2E",
    "title": "상체 다이어트 최고의 운동 BEST [팔뚝살/겨드랑이살/등살/가슴어깨라인]",
    "part": "상체",
    "channelName": "ThankyouBUBU",
    "url": "https://www.youtube.com/embed/54tTYO-vU2E",
    "review" : [{"no" : 0,"title" : "와우","content" : "좋습니다.","writer" : "홍길동","views" : 21,"createTime" : "2022-09-02"}
		,{"no" : 1,"title" : "멋있어요","content" : "좋습니다.","writer" : "임꺽정","views" : 12,"createTime" : "2021-09-02"}]
  },
  {
	"no" : 4,
    "id": "QqqZH3j_vH0",
    "title": "상체비만 다이어트 최고의 운동 [상체 핵매운맛]",
    "part": "상체",
    "channelName": "ThankyouBUBU",
    "url": "https://www.youtube.com/embed/QqqZH3j_vH0",
		"review" : [{"no" : 0,"title" : "글쵸","content" : "좋습니다.","writer" : "홍길","views" : 122,"createTime" : "2022-09-02"}
		,{"no" : 1,"title" : "어렵네요~","content" : "쉽네요.","writer" : "양","views" : 1,"createTime" : "2021-09-02"}]
  },
  {
	"no" : 5,
    "id": "tzN6ypk6Sps",
    "title": "하체운동이 중요한 이유? 이것만 보고 따라하자 ! [하체운동 교과서]",
    "part": "하체",
    "channelName": "김강민",
    "url": "https://www.youtube.com/embed/tzN6ypk6Sps",
    "review" : [{"no" : 0,"title" : "와우","content" : "좋습니다.","writer" : "홍길동","views" : 21,"createTime" : "2022-09-02"}
		,{"no" : 1,"title" : "멋있어요","content" : "좋습니다.","writer" : "임꺽정","views" : 12,"createTime" : "2021-09-02"}]
  },
  {
	"no" : 6,
    "id": "u5OgcZdNbMo",
    "title": "저는 하체 식주의자 입니다",
    "part": "하체",
    "channelName": "GYM종국",
    "url": "https://www.youtube.com/embed/u5OgcZdNbMo",
		"review" : [{"no" : 0,"title" : "와우","content" : "좋습니다.","writer" : "홍길동","views" : 21,"createTime" : "2022-09-02"}
		,{"no" : 1,"title" : "멋있어요","content" : "좋습니다.","writer" : "임꺽정","views" : 12,"createTime" : "2021-09-02"}]
  },
  {
	"no" : 7,
    "id": "PjGcOP-TQPE",
    "title": "11자복근 복부 최고의 운동 [복근 핵매운맛]",
    "part": "복부",
    "channelName": "ThankyouBUBU",
    "url": "https://www.youtube.com/embed/PjGcOP-TQPE",
    "review" : [{"no" : 0,"title" : "와우","content" : "좋습니다.","writer" : "홍길동","views" : 21,"createTime" : "2022-09-02"}
		,{"no" : 1,"title" : "멋있어요","content" : "좋습니다.","writer" : "임꺽정","views" : 12,"createTime" : "2021-09-02"}]
  },
  {
	"no" : 8,
    "id": "7TLk7pscICk",
    "title": "(Sub)누워서하는 5분 복부운동!! 효과보장! (매일 2주만 해보세요!)",
    "part": "복부",
    "channelName": "SomiFit",
    "url": "https://www.youtube.com/embed/7TLk7pscICk",
    "review" : [{"no" : 0,"title" : "와우","content" : "좋습니다.","writer" : "홍길동","views" : 21,"createTime" : "2022-09-02"}
		,{"no" : 1,"title" : "멋있어요","content" : "좋습니다.","writer" : "임꺽정","views" : 12,"createTime" : "2021-09-02"}]
  }
]

